id,name,prefecture,city,region,type,destType,hub,hotelArea,hubStation,accessStation,weight,stayAllowed,tags
"kamakura","鎌倉","神奈川県","鎌倉市","関東","destination","city","tokyo-o","kamakura","東京駅","鎌倉駅","1.2","daytrip|1night","寺社|海|歴史"
"atami","熱海","静岡県","熱海市","中部","destination","onsen","tokyo-o","atami","熱海駅","熱海駅","1.2","1night","温泉|海|城|街歩き"
"nikko","日光","栃木県","日光市","関東","destination","onsen","tokyo-o","nikko","宇都宮駅","日光駅","1.2","daytrip|1night","温泉|自然|山|歴史|寺社|滝"
"karuizawa","軽井沢","長野県","軽井沢町","中部","destination","sight","tokyo-o","karuizawa","軽井沢駅","軽井沢駅","1.2","1night","山|自然|滝"
"fujikawaguchiko","富士河口湖","山梨県","山梨富士河口湖","中部","destination","onsen","tokyo-o","fujikawaguchiko","河口湖駅","河口湖駅","1.2","1night","温泉|山|自然|海"
"nara","奈良","奈良県","奈良市","近畿","destination","sight","osaka-t","nara","京都駅","奈良駅","1.2","daytrip|1night","歴史|寺社|滝"
"ishigaki","石垣島","沖縄県","石垣市","沖縄","destination","island","naha","ishigaki","那覇空港","石垣空港","1.5","1night","離島|海|山"
"ise","伊勢","三重県","伊勢市","中部","destination","city","nagoya-t","ise","名古屋駅","伊勢市駅","1.2","daytrip|1night","海|街歩き|寺社"
"beppu","別府","大分県","別府市","九州","destination","onsen","fukuoka-t","beppu","大分駅","別府駅","1.2","1night","温泉|海"
"otaru","小樽","北海道","小樽市","北海道","destination","city","sapporo-t","otaru","新千歳空港","小樽駅","1.2","daytrip|1night","海|歴史|山"
"furano","富良野","北海道","富良野市","北海道","destination","city","asahikawa","furano","旭川駅","富良野駅","1.2","1night","街歩き|自然|山|海"
"matsushima","松島","宮城県","松島町","東北","destination","city","sendai-t","matsushima","仙台駅","松島海岸駅","1.2","daytrip|1night","街歩き|海|寺社|離島"
"miyajima","宮島","広島県","廿日市市","中国","destination","island","hiroshima-t","miyajima","広島駅","宮島口港","1.5","1night","離島|寺社|海|山"
"onomichi","尾道","広島県","尾道市","中国","destination","city","hiroshima-t","onomichi","福山駅","尾道駅","1.2","daytrip|1night","街歩き|海|寺社"
"shodoshima","小豆島","香川県","小豆島町","四国","destination","island","takamatsu","shodoshima","高松駅","池田港","1.5","1night","離島|海"
"mihonoseki","美保関","島根県","松江市","中国","destination","city","matsue","mihonoseki","松江駅","境港駅","1.2","1night","街歩き|海|寺社|離島"
"ryujin-onsen","龍神温泉","和歌山県","田辺市","近畿","destination","city","osaka-t","ryujin-onsen","紀伊田辺駅","紀伊田辺駅","1.2","1night","温泉|山"
"tokashiki-jima","渡嘉敷島","沖縄県","渡嘉敷村","沖縄","destination","island","naha","tokashiki-jima","那覇港","渡嘉敷港","1.5","1night","離島|海"
"kumejima","久米島","沖縄県","久米島町","沖縄","destination","island","naha","kumejima","那覇空港","久米島空港","1.5","1night","離島|海|自然"
"miyakojima","宮古島","沖縄県","宮古島市","沖縄","destination","island","naha","miyakojima","那覇空港","宮古空港","1.5","1night","離島|海|山"
"kouzushima","神津島","東京都","神津島村","伊豆諸島","destination","island","tokyo-o","kouzushima","竹芝客船ターミナル","神津島港","1.5","1night","離島|山|海"
"hakone","箱根","神奈川県","箱根町","関東","destination","onsen","tokyo-o","hakone","小田原駅","箱根湯本駅","1.2","daytrip|1night","温泉|山|自然"
"shuzenji","修善寺","静岡県","伊豆市","中部","destination","onsen","tokyo-o","shuzenji","三島駅","修善寺駅","1.2","1night","温泉|歴史|寺社"
"kusatsu-onsen","草津温泉","群馬県","草津町","関東","destination","onsen","tokyo-o","kusatsu-onsen","長野原草津口駅","草津温泉バスターミナル","1.2","1night","温泉|山"
"shimoda","下田","静岡県","下田市","中部","destination","city","tokyo-o","shimoda","熱海駅","伊豆急下田駅","1.2","1night","歴史|海|寺社|離島"
"izu-oshima","伊豆大島","東京都","大島町","伊豆諸島","destination","island","tokyo-o","izu-oshima","東京竹芝","元町港","1.5","1night","離島|山|自然|海"
"shirakawago-t","白川郷","岐阜県","岐阜白川郷","中部","destination","sight","gifu","shirakawago","金沢駅","金沢駅","1.2","1night","山|城|寺社"
"arima-onsen","有馬温泉","兵庫県","神戸市","近畿","destination","onsen","kobe","arima-onsen","三ノ宮駅","有馬温泉駅","1.2","1night","温泉|歴史|山"
"kinosaki-onsen","城崎温泉","兵庫県","豊岡市","近畿","destination","onsen","osaka-t","kinosaki-onsen","城崎温泉駅","城崎温泉駅","1.2","1night","温泉|城"
"kurashiki-o","倉敷","岡山県","岡山倉敷","中国","destination","city","okayama-o","kurashiki","倉敷駅","倉敷駅","1.2","daytrip|1night","歴史|寺社"
"shirahama-o","白浜","和歌山県","和歌山白浜","近畿","destination","onsen","osaka-t","shirahama-o","白浜駅","白浜駅","1.2","1night","温泉|海|山|滝"
"takayama-o","高山","岐阜県","岐阜高山","中部","destination","onsen","gifu","takayama","高山駅","高山駅","1.2","1night","温泉|山|歴史|城"
"toba","鳥羽","三重県","鳥羽市","中部","destination","city","nagoya-t","toba","名古屋駅","鳥羽駅","1.2","daytrip|1night","街歩き|海|自然|離島"
"yufuin","湯布院","大分県","由布市","九州","destination","onsen","fukuoka-t","yufuin","大分駅","由布院駅","1.2","1night","温泉|自然|山"
"kurokawa-k","黒川温泉","熊本県","熊本黒川温泉","九州","destination","onsen","kumamoto","kurokawa","博多駅","博多駅","1.2","1night","温泉|自然|山|秘境"
"aso","阿蘇","熊本県","阿蘇市","九州","destination","sight","kumamoto","aso","熊本駅","阿蘇駅","1.2","daytrip|1night","山|自然"
"yakushima","屋久島","鹿児島県","屋久島町","九州","destination","island","kagoshima","yakushima","鹿児島港","安房港","1.5","1night","離島|自然|海|滝"
"amakusa","天草","熊本県","天草市","九州","destination","sight","kumamoto","amakusa","熊本駅","熊本駅","1.2","1night","海|歴史|離島"
"hiraizumi","平泉","岩手県","平泉町","東北","destination","sight","morioka","hiraizumi","一ノ関駅","平泉駅","1.2","daytrip|1night","歴史|寺社"
"kakunodate","角館","秋田県","仙北市","東北","destination","city","morioka","kakunodate","盛岡駅","角館駅","1.2","1night","歴史|城"
"aizu","会津若松","福島県","福島会津若松","東北","destination","onsen","sendai-t","aizu","会津若松駅","会津若松駅","1.2","1night","温泉|城|歴史"
"zaosan","蔵王","宮城県","宮城蔵王","東北","destination","onsen","yamagata","zaosan","蔵王駅","蔵王駅","1.2","1night","温泉|自然|山"
"hagi","萩","山口県","萩市","中国","destination","city","hiroshima-t","hagi","新山口駅","萩駅","1.2","1night","歴史|海|山|城|寺社"
"shimonoseki","下関","山口県","下関市","中国","destination","city","hiroshima-t","shimonoseki","博多駅","下関駅","1.2","daytrip|1night","海|歴史|街歩き|離島"
"naoshima","直島","香川県","直島町","四国","destination","island","okayama-o","naoshima","高松駅","宮浦港","1.5","1night","離島|海|自然"
"kotohira","琴平","香川県","琴平町","四国","destination","city","takamatsu","kotohira","高松駅","琴電琴平駅","1.2","daytrip|1night","街歩き|寺社"
"uwajima","宇和島","愛媛県","宇和島市","四国","destination","city","matsuyama","uwajima","松山駅","宇和島駅","1.2","1night","城|温泉|海|山|歴史|離島"
"toyako","洞爺湖","北海道","洞爺湖町","北海道","destination","onsen","sapporo-t","toyako","洞爺駅","洞爺駅","1.2","1night","温泉|自然|山|海"
"noboribetsu","登別","北海道","登別市","北海道","destination","onsen","sapporo-t","noboribetsu","登別駅","登別駅","1.2","1night","温泉|自然|海"
"shiretoko","知床","北海道","斜里町","北海道","destination","sight","kushiro","shiretoko","知床斜里駅","知床斜里駅","1.2","1night","自然|海|滝|秘境"
"wajima","輪島","石川県","輪島市","中部","destination","sight","kanazawa-t","wajima","金沢駅","輪島バスターミナル","1.2","1night","離島|歴史|海|寺社"
"kaga-onsen","加賀温泉郷","石川県","加賀市","中部","destination","onsen","kanazawa-t","kaga-onsen","加賀温泉駅","加賀温泉駅","1.2","1night","温泉|山"
"hakuba","白馬","長野県","白馬村","中部","destination","sight","matsumoto-n","hakuba","長野駅","白馬駅","1.2","1night","山"
"amanohashidate","天橋立","京都府","宮津市","近畿","destination","sight","osaka-t","amanohashidate","福知山駅","天橋立駅","1.2","daytrip|1night","寺社"
"ine","伊根","京都府","伊根町","近畿","destination","city","osaka-t","ine","天橋立駅","伊根港バス停","1.2","1night","街歩き|海|寺社|離島"
"ibusuki","指宿","鹿児島県","指宿市","九州","destination","onsen","kagoshima","ibusuki","鹿児島中央駅","指宿駅","1.2","daytrip|1night","温泉|自然|離島"
"sasebo","佐世保","長崎県","佐世保市","九州","destination","city","nagasaki","sasebo","博多駅","佐世保駅","1.2","daytrip|1night","離島|海|歴史"
"hirado","平戸","長崎県","平戸市","九州","destination","city","nagasaki","hirado","佐世保駅","佐世保駅","1.2","1night","歴史|海|山|城"
"tottori","鳥取","鳥取県","鳥取市","中国","destination","sight","matsue","tottori","鳥取駅","鳥取駅","1.2","1night","自然|海"
"akita","秋田","秋田県","秋田市","東北","destination","city","morioka","akita","秋田駅","秋田駅","1.2","1night","歴史|街歩き|離島"
"awaji","淡路島","兵庫県","兵庫淡路島","近畿","destination","sight","kobe","awaji","三ノ宮駅","三ノ宮駅","1.2","daytrip|1night","自然|街歩き|歴史|海|離島"
"takao","高尾山","東京都","東京高尾山","関東","destination","sight","tokyo-o","takao","高尾山口駅","高尾山口駅","1.2","daytrip","山|寺社|自然|歴史"
"tateyama-chiba","館山","千葉県","千葉館山","関東","destination","sight","tokyo-o","tateyama-chiba","館山駅","館山駅","1.2","daytrip|1night","海|自然|山|城|離島"
"gokayama","五箇山","富山県","南砺市","中部","destination","sight","kanazawa-t","gokayama","金沢駅","五箇山バス停","1.2","daytrip|1night","歴史|自然|山"
"jozankei","定山渓","北海道","札幌市","北海道","destination","onsen","sapporo-t","jozankei","札幌駅","札幌駅","1.2","1night","温泉|自然|海|山|秘境"
"biei","美瑛","北海道","美瑛町","北海道","destination","sight","asahikawa","biei","旭川駅","美瑛駅","1.2","daytrip|1night","自然"
"miyako-iwate","宮古","岩手県","宮古市","東北","destination","sight","morioka","miyako-iwate","盛岡駅","宮古駅","1.2","daytrip|1night","海|自然|山"
"sakata","酒田","山形県","酒田市","東北","destination","city","yamagata","sakata","新庄駅","酒田駅","1.2","1night","歴史|海|山|街歩き"
"takachiho","高千穂","宮崎県","高千穂町","九州","destination","sight","miyazaki","takachiho","熊本駅","熊本駅","1.2","1night","自然|渓谷|寺社|滝"
"amami","奄美大島","鹿児島県","奄美市","九州","destination","island","kagoshima","amami","鹿児島港","名瀬港","1.5","1night","離島|自然|海"
"goto","五島列島","長崎県","五島市","九州","destination","island","nagasaki","goto","長崎港","福江港","1.5","1night","離島|海|歴史"
"unzen","雲仙","長崎県","雲仙市","九州","destination","onsen","nagasaki","unzen","諫早駅","諫早駅","1.2","1night","温泉|自然|山"
"ashizuri","足摺岬","高知県","土佐清水市","四国","destination","sight","kochi","ashizuri","高知駅","宿毛駅","1.2","1night","自然"
"oboke","大歩危","徳島県","三好市","四国","destination","sight","takamatsu","oboke","高松駅","大歩危駅","1.2","daytrip|1night","渓谷|秘境|自然"
"tsuwano","津和野","島根県","津和野町","中国","destination","city","hiroshima-t","tsuwano","新山口駅","津和野駅","1.2","daytrip|1night","歴史|寺社|山|城"
"inuyama","犬山","愛知県","犬山市","中部","destination","city","nagoya-t","inuyama","名古屋駅","犬山駅","1.2","daytrip|1night","城|歴史|山"
"kiso","木曽","長野県","木曽町","中部","destination","sight","matsumoto-n","kiso","名古屋駅","南木曽駅","1.2","daytrip|1night","歴史|自然|山"
"miyama","美山","京都府","南丹市","近畿","destination","sight","kyoto-t","miyama","園部駅","園部駅","1.2","daytrip|1night","歴史|自然|山"
"tateyama-kurobe","立山黒部","富山県","立山町","中部","destination","sight","kanazawa-t","tateyama-kurobe","富山駅","立山駅","1.2","daytrip|1night","山|自然"
"himi","氷見","富山県","氷見市","中部","destination","onsen","kanazawa-t","himi","高岡駅","氷見駅","1.2","daytrip|1night","温泉|海|街歩き|山|歴史"
"nyuto-onsen","乳頭温泉","秋田県","秋田乳頭温泉","東北","destination","onsen","morioka","nyuto-onsen","田沢湖駅","田沢湖駅","1.2","1night","温泉|自然"
"yuda-onsen","湯田温泉","山口県","山口湯田温泉","中国","destination","onsen","hiroshima-t","yuda-onsen","湯田温泉駅","湯田温泉駅","1.2","1night","温泉|歴史|山|城|寺社"
"ureshino-onsen","嬉野温泉","佐賀県","嬉野市","九州","destination","onsen","saga","ureshino-onsen","嬉野温泉駅","嬉野温泉駅","1.2","1night","温泉|山"
"obuse","小布施","長野県","小布施町","中部","destination","city","matsumoto-n","obuse","長野駅","小布施駅","1.2","daytrip|1night","街歩き|寺社"
"uchiko","内子","愛媛県","内子町","四国","destination","city","matsuyama","uchiko","松山駅","内子駅","1.2","daytrip|1night","街歩き|歴史"
"muroto","室戸","高知県","室戸市","四国","destination","city","kochi","muroto","高知駅","高知駅","1.2","daytrip|1night","街歩き|海|寺社"
"iya","祖谷","徳島県","三好市","四国","destination","onsen","takamatsu","iya","阿波池田駅","阿波池田駅","1.2","1night","温泉|秘境|滝"
"oku-izumo","奥出雲","島根県","島根奥出雲","中国","destination","sight","matsue","oku-izumo","木次駅","木次駅","1.2","daytrip|1night","渓谷|山|自然|歴史"
"ginzan-onsen","銀山温泉","山形県","尾花沢市","東北","destination","onsen","yamagata","ginzan-onsen","大石田駅","大石田駅","1.2","1night","温泉|山|街歩き|滝"
"ouchi-juku","大内宿","福島県","福島大内宿","東北","destination","city","sendai-t","ouchi-juku","会津若松駅","会津若松駅","1.2","daytrip|1night","歴史|街歩き|離島"
"nozawa-onsen","野沢温泉","長野県","野沢温泉村","中部","destination","onsen","matsumoto-n","nozawa-onsen","飯山駅","飯山駅","1.2","1night","温泉|山"
"takehara","竹原","広島県","竹原市","中国","destination","city","hiroshima-t","takehara","広島駅","竹原駅","1.2","daytrip|1night","街歩き|歴史|海"
"tsumago","妻籠","長野県","木曽町","中部","destination","city","nagoya-t","tsumago","名古屋駅","南木曽駅","1.2","daytrip|1night","歴史|山|城"
"magome","馬籠","岐阜県","中津川市","中部","destination","city","nagoya-t","magome","名古屋駅","中津川駅","1.2","daytrip|1night","歴史|山|離島"
"nagahama","長浜","滋賀県","長浜市","近畿","destination","city","osaka-t","nagahama","米原駅","長浜駅","1.2","daytrip|1night","歴史|自然|城"
"hikone","彦根","滋賀県","彦根市","近畿","destination","city","osaka-t","hikone","米原駅","彦根駅","1.2","daytrip|1night","歴史|自然|城"
"koyasan","高野山","和歌山県","高野町","近畿","destination","sight","osaka-t","koyasan","橋本駅","高野山駅","1.2","1night","山|寺社"
"gero-onsen","下呂温泉","岐阜県","下呂市","中部","destination","onsen","nagoya-t","gero-onsen","下呂駅","下呂駅","1.2","1night","温泉|街歩き|寺社"
"naruko-onsen","鳴子温泉","宮城県","大崎市","東北","destination","onsen","sendai-t","naruko-onsen","古川駅","鳴子温泉駅","1.2","1night","温泉|山"
"shima-onsen","四万温泉","群馬県","群馬四万温泉","関東","destination","onsen","tokyo-o","shima-onsen","中之条駅","中之条駅","1.2","1night","温泉|山|歴史"
"hirosaki","弘前","青森県","弘前市","東北","destination","city","morioka","hirosaki","新青森駅","弘前駅","1.2","daytrip|1night","歴史|城|寺社"
"oirase","奥入瀬","青森県","青森奥入瀬","東北","destination","sight","morioka","oirase","八戸駅","八戸駅","1.2","1night","自然|渓谷|滝"
"mashiko","益子","栃木県","益子町","関東","destination","city","tokyo-o","mashiko","宇都宮駅","益子駅","1.2","daytrip|1night","街歩き"
"bessho-onsen","別所温泉","長野県","上田市","中部","destination","onsen","matsumoto-n","bessho-onsen","上田駅","別所温泉駅","1.2","daytrip|1night","温泉|山|自然|寺社"
"izushi","出石","兵庫県","豊岡市","近畿","destination","city","osaka-t","izushi","豊岡駅","豊岡駅","1.2","daytrip|1night","歴史|城|街歩き"
"wakura-onsen","和倉温泉","石川県","七尾市","中部","destination","onsen","kanazawa-t","wakura-onsen","和倉温泉駅","和倉温泉駅","1.2","1night","温泉|海|離島"
"misasa-onsen","三朝温泉","鳥取県","三朝町","中国","destination","onsen","matsue","misasa-onsen","倉吉駅","倉吉駅","1.2","1night","温泉|山"
"obi","飫肥","宮崎県","日南市","九州","destination","city","miyazaki","obi","宮崎駅","飫肥駅","1.2","daytrip|1night","歴史|海|城"
"hitoyoshi","人吉","熊本県","人吉市","九州","destination","onsen","kumamoto","hitoyoshi","熊本駅","人吉駅","1.2","daytrip|1night","温泉|歴史|城|寺社"
"kamikochi","上高地","長野県","松本市","中部","destination","sight","matsumoto-n","kamikochi","松本駅","上高地バスターミナル","1.2","daytrip|1night","山|自然"
"minakami-onsen","水上温泉","群馬県","群馬水上温泉","関東","destination","onsen","tokyo-o","minakami-onsen","水上駅","水上駅","1.2","1night","温泉|山|滝"
"minami-aso","南阿蘇","熊本県","南阿蘇村","九州","destination","sight","kumamoto","minami-aso","熊本駅","熊本駅","1.2","daytrip|1night","山|自然"
"imabari","今治","愛媛県","今治市","四国","destination","city","matsuyama","imabari","松山駅","今治駅","1.2","1night","街歩き|海|城|離島"
"ozu","大洲","愛媛県","大洲市","四国","destination","city","matsuyama","ozu","松山駅","伊予大洲駅","1.2","1night","歴史|山|城|街歩き"
"shakotan","積丹","北海道","積丹町","北海道","destination","sight","sapporo-t","shakotan","小樽駅","積丹バスターミナル","1.2","1night","海|街歩き|離島"
"izumo","出雲","島根県","出雲市","中国","destination","city","matsue","izumo","松江駅","出雲市駅","1.2","daytrip|1night","寺社|歴史|街歩き"
"suzu","珠洲","石川県","珠洲市","中部","destination","sight","kanazawa-t","suzu","金沢駅","珠洲バスターミナル","1.2","1night|2night","海|自然|歴史|秘境"
"yoshino","吉野","奈良県","吉野町","近畿","destination","sight","nara","yoshino","橿原神宮前駅","吉野駅","1.2","1night","自然|歴史|山|寺社"
"kumano","熊野","三重県","熊野市","近畿","destination","sight","nara","kumano","新宮駅","新宮駅","1.2","1night","自然|渓谷|秘境"
"iriomote","西表島","沖縄県","竹富町","沖縄","destination","island","ishigaki","iriomote","石垣港","大原港","1.5","1night","離島|自然|海|滝|秘境"
"takahashi","高梁","岡山県","高梁市","中国","destination","sight","okayama-o","takahashi","岡山駅","備中高梁駅","1.2","1night","城|歴史|海|山|街歩き"
"hida-furukawa","飛騨古川","岐阜県","岐阜飛騨古川","中部","destination","sight","takayama-o","hida-furukawa","飛騨古川駅","飛騨古川駅","1.2","1night","街歩き|歴史|自然|山"
"bungo-takada","豊後高田","大分県","豊後高田市","九州","destination","city","beppu","bungo-takada","宇佐駅","宇佐駅","1.2","1night","街歩き|歴史|海|寺社"
"izu-kogen","伊豆高原","静岡県","伊東市","中部","destination","onsen","atami","izu-kogen","熱海駅","伊豆高原駅","1.2","1night","温泉|海|山|城|離島"
"tanabe","田辺","和歌山県","田辺市","近畿","destination","onsen","nara","tanabe","紀伊田辺駅","紀伊田辺駅","1.2","1night","温泉|歴史|自然|寺社"
"tosa-shimizu","土佐清水","高知県","高知土佐清水","四国","destination","sight","kochi","tosa-shimizu","中村駅","中村駅","1.2","1night","海|歴史"
"nichinan","日南","宮崎県","日南市","九州","destination","city","miyazaki","nichinan","宮崎駅","日南駅","1.2","1night","海|歴史|城|寺社|離島"
"mojiko","門司港","福岡県","福岡門司港","九州","destination","city","fukuoka-t","mojiko","門司港駅","門司港駅","1.2","daytrip|1night","街歩き|歴史|海|自然"
"itoshima","糸島","福岡県","糸島市","九州","destination","sight","fukuoka-t","itoshima","博多駅","筑前前原駅","1.2","daytrip|1night","海|街歩き|離島"
"shimabara","島原","長崎県","島原市","九州","destination","sight","nagasaki","shimabara","諫早駅","島原駅","1.2","1night","歴史|城|自然|山|離島"
"tsuruga","敦賀","福井県","敦賀市","中部","destination","city","fukui","tsuruga","敦賀駅","敦賀駅","1.2","daytrip|1night","海|街歩き|歴史"
"shijishima","志々島","香川県","香川志々島","四国","destination","island","takamatsu-t","shijishima","詫間駅","詫間駅","1.5","daytrip","離島|自然|海"
"sounkyo","層雲峡","北海道","上川町","北海道","destination","onsen","asahikawa","sounkyo","上川駅","層雲峡バスターミナル","1.2","1night|2night","温泉|自然|渓谷|山|滝"
"rebun-island","礼文島","北海道","北海礼文島","北海道","destination","island","sapporo-t","rebun-island","礼文島駅","礼文島駅","1.5","1night|2night","離島|自然|山|海"
"rishiri-island","利尻島","北海道","北海利尻島","北海道","destination","island","sapporo-t","rishiri-island","利尻島駅","利尻島駅","1.5","1night|2night","離島|山|海|自然"
"akan","阿寒湖","北海道","釧路市","北海道","destination","onsen","kushiro","akan","釧路駅","釧路駅","1.2","1night|2night","温泉|自然"
"abashiri","網走","北海道","網走市","北海道","destination","city","kushiro","abashiri","網走駅","網走駅","1.2","1night|2night","街歩き|自然|海"
"shikotsu","支笏湖","北海道","千歳市","北海道","destination","onsen","sapporo-t","shikotsu","千歳駅","支笏湖バス停","1.2","1night","温泉|自然"
"tono","遠野","岩手県","遠野市","東北","destination","city","morioka","tono","新花巻駅","遠野駅","1.2","1night","歴史|自然"
"oga","男鹿","秋田県","男鹿市","東北","destination","onsen","sendai-t","oga","秋田駅","男鹿駅","1.2","1night","温泉|海|自然|山|離島"
"yonezawa","米沢","山形県","米沢市","東北","destination","city","yamagata","yonezawa","米沢駅","米沢駅","1.2","1night","歴史|街歩き|城|寺社"
"dewa-sanzan","出羽三山","山形県","鶴岡市","東北","destination","sight","yamagata","dewa-sanzan","鶴岡駅","鶴岡駅","1.2","1night|2night","寺社|自然|山|温泉"
"sakunami-onsen","秋保温泉","宮城県","宮城秋保温泉","東北","destination","onsen","sendai-t","sakunami-onsen","仙台駅","仙台駅","1.2","1night","温泉|滝|自然"
"goshogawara","五所川原","青森県","五所川原市","東北","destination","city","sendai-t","goshogawara","青森駅","五所川原駅","1.2","1night","歴史|自然"
"kawagoe","川越","埼玉県","川越市","関東","destination","city","tokyo-o","kawagoe","大宮駅","川越駅","1.2","daytrip|1night","歴史|街歩き|城"
"nasu","那須","栃木県","那須町","関東","destination","onsen","tokyo-o","nasu","那須塩原駅","那須塩原駅","1.2","1night|2night","温泉|自然|山"
"choshi","銚子","千葉県","銚子市","関東","destination","city","tokyo-o","choshi","千葉駅","銚子駅","1.2","1night","海|街歩き|自然"
"ashikaga","足利","栃木県","足利市","関東","destination","city","tokyo-o","ashikaga","小山駅","足利駅","1.2","daytrip|1night","歴史|自然|寺社"
"shiobara-onsen","塩原温泉","栃木県","那須塩原市","関東","destination","onsen","tokyo-o","shiobara-onsen","那須塩原駅","那須塩原駅","1.2","1night","温泉|渓谷|自然"
"sado-island","佐渡島","新潟県","新潟佐渡島","中部","destination","island","niigata","sado-island","佐渡島駅","佐渡島駅","1.5","1night|2night","離島|歴史|山|自然|海"
"kiyosato","清里","山梨県","北杜市","中部","destination","sight","kofu","kiyosato","小淵沢駅","清里駅","1.2","1night|2night","山|自然"
"tenryu-gorge","天竜峡","長野県","長野天竜峡","中部","destination","sight","iida","tenryu-gorge","天竜峡駅","天竜峡駅","1.2","1night","渓谷|自然|温泉"
"suwa","諏訪","長野県","諏訪市","中部","destination","onsen","matsumoto-n","suwa","塩尻駅","上諏訪駅","1.2","1night","温泉|寺社|自然"
"eiheiji","永平寺","福井県","永平寺町","中部","destination","sight","fukui","eiheiji","福井駅","永平寺口駅","1.2","daytrip|1night","寺社|山"
"wakasa-obama","若狭小浜","福井県","小浜市","中部","destination","city","fukui","wakasa-obama","敦賀駅","小浜駅","1.2","1night","海|歴史|街歩き|寺社"
"okuhida-onsen","奥飛騨温泉郷","岐阜県","高山市","中部","destination","onsen","matsumoto-n","okuhida-onsen","高山駅","平湯温泉バスターミナル","1.2","1night|2night","温泉|自然|山"
"minami-izu","南伊豆","静岡県","南伊豆町","中部","destination","sight","shizuoka","minami-izu","下田駅","下田駅","1.2","1night|2night","海|温泉|自然|離島"
"echizen","越前市","福井県","越前市","中部","destination","city","fukui","echizen","福井駅","武生駅","1.2","1night","歴史|街歩き|自然"
"ito","伊東","静岡県","伊東市","中部","destination","onsen","shizuoka","ito","熱海駅","伊東駅","1.2","1night","温泉|海|街歩き|山|城|離島"
"iga","伊賀","三重県","三重伊賀","近畿","destination","city","osaka-t","iga","上野市駅","上野市駅","1.2","daytrip|1night","歴史|城"
"kashihara","橿原","奈良県","橿原市","近畿","destination","city","osaka-t","kashihara","大阪駅","橿原神宮前駅","1.2","daytrip|1night","歴史|寺社"
"totsukawa","十津川","奈良県","十津川村","近畿","destination","onsen","osaka-t","totsukawa","五条駅","五条駅","1.2","1night|2night","温泉|渓谷|自然|秘境|寺社"
"maizuru","舞鶴","京都府","舞鶴市","近畿","destination","city","kyoto-t","maizuru","東舞鶴駅","東舞鶴駅","1.2","1night","歴史|海"
"asuka","飛鳥","奈良県","明日香村","近畿","destination","sight","osaka-t","asuka","橿原神宮前駅","飛鳥駅","1.2","daytrip|1night","歴史|寺社"
"daisen","大山","鳥取県","大山町","中国","destination","sight","matsue","daisen","米子駅","米子駅","1.2","1night|2night","山|自然|温泉|寺社"
"yunotsu-onsen","温泉津","島根県","大田市","中国","destination","onsen","matsue","yunotsu-onsen","大田市駅","温泉津駅","1.2","1night","温泉|歴史|海|山"
"iwami-ginzan","石見銀山","島根県","大田市","中国","destination","sight","matsue","iwami-ginzan","大田市駅","大田市駅","1.2","daytrip|1night","歴史|山|自然|寺社"
"iwakuni","岩国","山口県","岩国市","中国","destination","city","hiroshima-t","iwakuni","広島駅","岩国駅","1.2","daytrip|1night","歴史|山|城"
"kurayoshi","倉吉","鳥取県","倉吉市","中国","destination","city","matsue","kurayoshi","倉吉駅","倉吉駅","1.2","daytrip|1night","歴史|温泉|城"
"suo-oshima","周防大島","山口県","周防大島町","中国","destination","island","hiroshima-t","suo-oshima","広島駅","大畠駅","1.2","1night|2night","離島|海|自然"
"shimanto","四万十","高知県","四万十市","四国","destination","sight","kochi","shimanto","高知駅","江川崎駅","1.2","1night|2night","自然"
"kashiwajima","柏島","高知県","大月町","四国","destination","island","kochi","kashiwajima","宿毛駅","宿毛駅","1.5","1night|2night","離島|海|秘境"
"saijo","西条","愛媛県","西条市","四国","destination","city","matsuyama","saijo","松山駅","伊予西条駅","1.2","daytrip|1night","街歩き|自然|山"
"ainan","愛南","愛媛県","愛媛愛南","四国","destination","sight","kochi","ainan","宇和島駅","宇和島駅","1.2","1night|2night","海|自然|温泉"
"taketa","竹田","大分県","竹田市","九州","destination","onsen","kumamoto","taketa","豊後竹田駅","豊後竹田駅","1.2","1night","温泉|歴史|城"
"usuki","臼杵","大分県","臼杵市","九州","destination","city","kumamoto","usuki","大分駅","臼杵駅","1.2","daytrip|1night","歴史|城"
"hita","日田","大分県","日田市","九州","destination","onsen","fukuoka-t","hita","久留米駅","日田駅","1.2","1night","温泉|歴史"
"hasami","波佐見","長崎県","波佐見町","九州","destination","city","nagasaki","hasami","川棚温泉駅","川棚温泉駅","1.2","daytrip|1night","歴史|山"
"takeo-onsen","武雄温泉","佐賀県","武雄市","九州","destination","onsen","saga","takeo-onsen","武雄温泉駅","武雄温泉駅","1.2","1night","温泉|歴史|山"
"kitsuki","杵築","大分県","杵築市","九州","destination","city","kumamoto","kitsuki","杵築駅","杵築駅","1.2","daytrip|1night","歴史|城"
"tsushima","対馬","長崎県","対馬市","九州","destination","island","fukuoka-t","tsushima","福岡空港","対馬空港","1.5","1night|2night","離島|自然|歴史|海|城"
"iki-island","壱岐","長崎県","長崎壱岐","九州","destination","island","fukuoka-t","iki-island","壱岐駅","壱岐駅","1.5","1night|2night","離島|海|歴史"
"tanegashima","種子島","鹿児島県","西之表市","九州","destination","island","kagoshima","tanegashima","鹿児島空港","西之表港","1.5","1night|2night","離島|歴史|海"
"kikuchi","菊池","熊本県","菊池市","九州","destination","onsen","kumamoto","kikuchi","熊本駅","熊本駅","1.2","1night","温泉|渓谷|自然|歴史|寺社"
"taketomi-island","竹富島","沖縄県","沖縄竹富島","沖縄","destination","island","naha","taketomi-island","竹富島駅","竹富島駅","1.5","1night|2night","離島|海"
"yonaguni-island","与那国島","沖縄県","与那国町","沖縄","destination","island","naha","yonaguni-island","那覇空港","与那国空港","1.5","1night|2night","離島|海|歴史"
"nakijin","今帰仁","沖縄県","今帰仁村","沖縄","destination","sight","naha","nakijin","那覇空港","那覇バスターミナル","1.2","daytrip|1night","城|歴史|自然|離島"
"motobu","本部","沖縄県","本部町","沖縄","destination","sight","naha","motobu","那覇空港","那覇バスターミナル","1.2","1night|2night","海|自然|離島"
"zamami-island","座間味島","沖縄県","沖縄座間味島","沖縄","destination","island","naha","zamami-island","座間味島駅","座間味島駅","1.5","1night|2night","離島|海"
"ie-island","伊江島","沖縄県","沖縄伊江島","沖縄","destination","island","naha","ie-island","伊江島駅","伊江島駅","1.5","1night","離島|海|自然|山|城"
"kohama-island","小浜島","沖縄県","沖縄小浜島","沖縄","destination","island","naha","kohama-island","小浜島駅","小浜島駅","1.5","1night|2night","離島|海|自然"
"matsushiro","松代","長野県","長野市","中部","destination","city","matsumoto-n","matsushiro","長野駅","長野駅","1.2","daytrip|1night","歴史|温泉|城"
"iiyama","飯山","長野県","飯山市","中部","destination","onsen","matsumoto-n","iiyama","飯山駅","飯山駅","1.2","1night","温泉|山|自然|寺社"
"yakake","矢掛","岡山県","岡山矢掛","中国","destination","city","okayama-o","yakake","矢掛駅","矢掛駅","1.2","daytrip|1night","歴史|山"
"tsuyama","津山","岡山県","津山市","中国","destination","city","okayama-o","tsuyama","岡山駅","津山駅","1.2","daytrip|1night","歴史|城|山"
"tsurugi-san","剣山","徳島県","徳島剣山","四国","destination","sight","tokushima","tsurugi-san","貞光駅","貞光駅","1.2","1night|2night","山|自然|海|寺社"
"nobeoka","延岡","宮崎県","延岡市","九州","destination","city","miyazaki","nobeoka","宮崎駅","延岡駅","1.2","1night","歴史|街歩き|城|自然|海|山|渓谷"
"kamaishi","釜石","岩手県","釜石市","東北","destination","city","morioka","kamaishi","新花巻駅","釜石駅","1.2","1night","海|歴史|自然"
"ofunato","大船渡","岩手県","大船渡市","東北","destination","city","ichinoseki","ofunato","一ノ関駅","大船渡駅","1.2","1night","海|自然|歴史"
"kuji","久慈","岩手県","久慈市","東北","destination","city","hachinohe","kuji","八戸駅","久慈駅","1.2","1night","海|歴史|自然"
"wakkanai","稚内","北海道","稚内市","北海道","destination","sight","sapporo-t","wakkanai","稚内駅","稚内空港","1.2","1night|2night","自然|秘境|海"
"obihiro","帯広","北海道","帯広市","北海道","destination","city","kushiro","obihiro","帯広駅","帯広空港","1.2","1night|2night","自然|グルメ|街歩き"
"rausu","羅臼","北海道","羅臼町","北海道","destination","sight","kushiro","rausu","知床斜里駅","羅臼バスターミナル","1.2","1night|2night","自然|秘境|海|山"
"esashi-hokkaido","江差","北海道","江差町","北海道","destination","city","hakodate","esashi","木古内駅","江差バスターミナル","1.2","1night","歴史|街歩き|海"
"hanamaki","花巻","岩手県","花巻市","東北","destination","onsen","morioka","hanamaki","新花巻駅","新花巻駅","1.2","daytrip|1night","温泉|自然|歴史"
"hachimantai","八幡平","岩手県","八幡平市","東北","destination","onsen","morioka","hachimantai","盛岡駅","八幡平頂上バス停","1.2","1night|2night","温泉|山|自然|秘境"
"tazawako","田沢湖","秋田県","仙北市","東北","destination","onsen","morioka","tazawako","田沢湖駅","田沢湖駅","1.2","1night","温泉|自然|山|秘境"
"yamadera","山寺","山形県","山形市","東北","destination","sight","yamagata","yamadera","山形駅","山寺駅","1.2","daytrip|1night","寺社|山|歴史|自然"
"kesennuma","気仙沼","宮城県","気仙沼市","東北","destination","city","sendai-t","kesennuma","気仙沼駅","気仙沼駅","1.2","1night","海|グルメ|自然"
"ikaho","伊香保温泉","群馬県","渋川市","関東","destination","onsen","tokyo-o","ikaho","渋川駅","伊香保温泉バス停","1.2","1night","温泉|街歩き|山"
"enoshima","江の島","神奈川県","藤沢市","関東","destination","sight","tokyo-o","enoshima","藤沢駅","片瀬江ノ島駅","1.2","daytrip|1night","海|寺社|街歩き"
"chichibu","秩父","埼玉県","秩父市","関東","destination","sight","tokyo-o","chichibu","池袋駅","秩父駅","1.2","daytrip|1night","寺社|自然|渓谷|山"
"oarai","大洗","茨城県","東茨城郡大洗町","関東","destination","sight","mito","oarai","水戸駅","大洗駅","1.2","daytrip|1night","海|寺社|自然"
"sano","佐野","栃木県","佐野市","関東","destination","city","tokyo-o","sano","小山駅","佐野駅","1.2","daytrip","グルメ|歴史|街歩き"
"gujo-hachiman","郡上八幡","岐阜県","郡上市","中部","destination","city","nagoya-t","gujo-hachiman","美濃市駅","郡上八幡駅","1.2","daytrip|1night","渓谷|歴史|街歩き|自然"
"narai-juku","奈良井宿","長野県","塩尻市","中部","destination","city","matsumoto-n","narai-juku","塩尻駅","奈良井駅","1.2","daytrip|1night","歴史|街歩き|山"
"itoigawa","糸魚川","新潟県","糸魚川市","中部","destination","city","niigata","itoigawa","糸魚川駅","糸魚川駅","1.2","daytrip|1night","自然|海|歴史|街歩き"
"kofu","甲府","山梨県","甲府市","中部","destination","city","kofu","kofu","甲府駅","甲府駅","1.2","daytrip|1night","歴史|山|グルメ|城"
"murakami","村上","新潟県","村上市","中部","destination","city","niigata","murakami","新潟駅","村上駅","1.2","daytrip|1night","歴史|グルメ|街歩き|城"
"shima","志摩","三重県","志摩市","中部","destination","sight","nagoya-t","shima","賢島駅","賢島駅","1.2","1night|2night","海|自然|グルメ"
"ogaki","大垣","岐阜県","大垣市","中部","destination","city","nagoya-t","ogaki","大垣駅","大垣駅","1.2","daytrip","歴史|城|街歩き"
"echizen-kaigan","越前海岸","福井県","越前市","中部","destination","sight","fukui","echizen-kaigan","武生駅","越前海岸","1.2","daytrip|1night","海|グルメ|自然"
"myoko-kogen","妙高高原","新潟県","妙高市","中部","destination","onsen","niigata","myoko-kogen","妙高高原駅","妙高高原駅","1.2","1night|2night","温泉|山|自然|滝"
"nagaoka","長岡","新潟県","長岡市","中部","destination","city","niigata","nagaoka","長岡駅","長岡駅","1.2","daytrip|1night","自然|歴史|街歩き"
"shimanto-cho","四万十町","高知県","四万十町","四国","destination","sight","kochi","shimanto","土佐大正駅","土佐大正駅","1.2","1night|2night","自然|渓谷|山"
"tanba-sasayama","丹波篠山","兵庫県","丹波篠山市","近畿","destination","city","osaka-t","tanba-sasayama","篠山口駅","篠山口駅","1.2","daytrip|1night","歴史|グルメ|街歩き|城"
"nachikatsuura","那智勝浦","和歌山県","東牟婁郡那智勝浦町","近畿","destination","sight","osaka-t","nachikatsuura","紀伊勝浦駅","紀伊勝浦駅","1.2","1night|2night","寺社|滝|自然|グルメ"
"kumano-hongu","熊野本宮","和歌山県","田辺市","近畿","destination","onsen","osaka-t","kumano-hongu","新宮駅","本宮大社前バス停","1.2","1night|2night","寺社|温泉|自然|秘境"
"ako","赤穂","兵庫県","赤穂市","近畿","destination","city","himeji","ako","相生駅","赤穂駅","1.2","daytrip|1night","歴史|城|海|街歩き"
"fushimi","伏見","京都府","京都市","近畿","destination","city","kyoto-t","fushimi","京都駅","伏見稲荷駅","1.2","daytrip","寺社|グルメ|街歩き"
"tomonoura","鞆の浦","広島県","福山市","中国","destination","city","hiroshima-t","tomonoura","福山駅","鞆の浦バス停","1.2","daytrip|1night","歴史|海|街歩き"
"sakaiminato","境港","鳥取県","境港市","中国","destination","city","matsue","sakaiminato","米子駅","境港駅","1.2","daytrip|1night","街歩き|グルメ|海"
"ushimado","牛窓","岡山県","瀬戸内市","中国","destination","city","okayama-o","ushimado","邑久駅","牛窓バス停","1.2","daytrip|1night","海|街歩き|自然"
"kasaoka","笠岡","岡山県","笠岡市","中国","destination","city","okayama-o","kasaoka","笠岡駅","笠岡駅","1.2","daytrip|1night","海|自然|歴史"
"tsunoshima","角島","山口県","下関市","中国","destination","sight","hiroshima-t","tsunoshima","特牛駅","角島大橋","1.2","1night","海|自然|秘境"
"dogo-onsen","道後温泉","愛媛県","松山市","四国","destination","onsen","matsuyama","dogo-onsen","松山駅","道後温泉駅","1.2","daytrip|1night","温泉|歴史|街歩き"
"marugame","丸亀","香川県","丸亀市","四国","destination","city","takamatsu","marugame","丸亀駅","丸亀駅","1.2","daytrip|1night","城|歴史|グルメ|海"
"misaki-sadamisaki","三崎（佐田岬）","愛媛県","西宇和郡伊方町","四国","destination","sight","matsuyama","misaki-sadamisaki","八幡浜駅","三崎港","1.2","1night","自然|海|秘境"
"yanagawa","柳川","福岡県","柳川市","九州","destination","city","fukuoka-t","yanagawa","西鉄福岡駅","西鉄柳川駅","1.2","daytrip|1night","街歩き|グルメ|自然|歴史"
"hyuga","日向","宮崎県","日向市","九州","destination","sight","miyazaki","hyuga","日向市駅","宮崎空港","1.2","daytrip|1night","海|寺社|自然"
"koshikijima","甑島","鹿児島県","薩摩川内市","九州","destination","island","kagoshima","koshikijima","川内駅","川内港","1.5","1night|2night","離島|海|自然|秘境"
"kirishima","霧島","鹿児島県","霧島市","九州","destination","onsen","kagoshima","kirishima","霧島神宮駅","鹿児島空港","1.2","1night|2night","温泉|山|寺社|自然"
"ebino-kogen","えびの高原","宮崎県","えびの市","九州","destination","sight","kagoshima","ebino-kogen","えびの駅","えびの高原バス停","1.2","1night","山|自然|秘境"
"onna","恩納村","沖縄県","国頭郡恩納村","沖縄","destination","sight","naha","onna","那覇バスターミナル","那覇空港","1.2","1night|2night","海|自然|離島"
"nago","名護","沖縄県","名護市","沖縄","destination","city","naha","nago","那覇バスターミナル","那覇空港","1.2","1night|2night","海|自然|街歩き"
"yomitanson","読谷村","沖縄県","中頭郡読谷村","沖縄","destination","city","naha","yomitanson","那覇バスターミナル","那覇空港","1.2","1night|2night","海|歴史|街歩き|自然"
"niseko","ニセコ","北海道","倶知安町","北海道","destination","sight","sapporo-t","niseko","倶知安駅","倶知安駅","1.3","1night|2night","スキー|山|温泉|自然"
"daisetsuzan","大雪山","北海道","東川町","北海道","destination","sight","asahikawa","daisetsuzan","旭川駅","旭岳温泉","1.3","1night|2night","山|自然|登山|紅葉"
"shiraoi","白老","北海道","白老町","北海道","destination","city","sapporo-t","shiraoi","白老駅","白老駅","1.2","daytrip|1night","文化|歴史|自然"
"tomamu","トマム","北海道","占冠村","北海道","destination","sight","sapporo-t","tomamu","トマム駅","トマム駅","1.3","1night|2night","スキー|山|自然|リゾート"
"towada","十和田","青森県","十和田市","東北","destination","sight","morioka","towada","八戸駅","十和田湖","1.2","1night","湖|自然|紅葉"
"osorezan","恐山","青森県","むつ市","東北","destination","sight","morioka","osorezan","下北駅","恐山","1.2","1night","霊場|自然|精神"
"urabandai","裏磐梯","福島県","北塩原村","東北","destination","sight","sendai-t","urabandai","猪苗代駅","五色沼入口","1.2","1night|2night","湖|自然|紅葉|山"
"minami-sanriku","南三陸","宮城県","南三陸町","東北","destination","city","sendai-t","minami-sanriku","気仙沼駅","南三陸","1.2","1night","海|食|復興|自然"
"kitakami","北上","岩手県","北上市","東北","destination","city","morioka","kitakami","北上駅","北上駅","1.2","daytrip|1night","桜|自然|川|文化"
"kinugawa-onsen","鬼怒川温泉","栃木県","日光市","関東","destination","onsen","tokyo-o","kinugawa-onsen","鬼怒川温泉駅","鬼怒川温泉駅","1.2","1night|2night","温泉|山|川|歴史"
"oze","尾瀬","群馬県","片品村","関東","destination","sight","tokyo-o","oze","沼田駅","鳩待峠","1.3","1night|2night","自然|湿原|山|植物"
"tsukuba","筑波","茨城県","つくば市","関東","destination","sight","tokyo-o","tsukuba","つくば駅","つくば駅","1.2","daytrip|1night","山|自然|文化"
"kasama","笠間","茨城県","笠間市","関東","destination","city","mito","kasama","笠間駅","笠間駅","1.2","daytrip|1night","陶芸|寺社|文化|食"
"naritasan","成田","千葉県","成田市","関東","destination","city","tokyo-o","naritasan","成田駅","成田駅","1.2","daytrip|1night","寺社|食|歴史|街歩き"
"kujukuri","九十九里","千葉県","九十九里町","関東","destination","sight","tokyo-o","kujukuri","東金駅","九十九里海岸","1.2","daytrip|1night","海|自然|食"
"miura","三浦","神奈川県","三浦市","関東","destination","city","yokohama","miura","三崎口駅","三崎口駅","1.2","daytrip|1night","海|食|自然"
"oku-tama","奥多摩","東京都","奥多摩町","関東","destination","sight","tokyo-o","oku-tama","奥多摩駅","奥多摩駅","1.2","daytrip|1night","山|自然|川|温泉"
"jigokudani","地獄谷野猿公苑","長野県","山ノ内町","中部","destination","sight","matsumoto-n","jigokudani","湯田中駅","湯田中駅","1.2","1night","自然|温泉|野生動物"
"tateshina","蓼科","長野県","茅野市","中部","destination","sight","matsumoto-n","tateshina","茅野駅","蓼科","1.2","1night|2night","山|自然|温泉|リゾート"
"echigo-yuzawa","越後湯沢","新潟県","湯沢町","中部","destination","onsen","niigata","echigo-yuzawa","越後湯沢駅","越後湯沢駅","1.2","1night|2night","温泉|スキー|雪|文化"
"fujinomiya","富士宮","静岡県","富士宮市","中部","destination","sight","shizuoka","fujinomiya","富士宮駅","富士宮駅","1.2","daytrip|1night","山|寺社|食|文化"
"norikura","乗鞍","長野県","松本市","中部","destination","sight","matsumoto-n","norikura","松本駅","畳平","1.3","daytrip|1night","山|自然|高山|登山"
"tokoname","常滑","愛知県","常滑市","中部","destination","city","nagoya-t","tokoname","常滑駅","常滑駅","1.2","daytrip","陶芸|文化|街歩き"
"korankei","香嵐渓","愛知県","豊田市","中部","destination","sight","nagoya-t","korankei","豊田市駅","香嵐渓","1.2","daytrip|1night","紅葉|自然|川"
"minamichita","南知多","愛知県","南知多町","中部","destination","city","nagoya-t","minamichita","内海駅","内海駅","1.2","daytrip|1night","海|食|自然"
"arashiyama","嵐山","京都府","京都市","近畿","destination","city","kyoto-t","arashiyama","嵐山駅","嵐山駅","1.2","daytrip|1night","竹林|寺社|自然|街歩き"
"shigaraki","信楽","滋賀県","甲賀市","近畿","destination","city","kyoto-t","shigaraki","信楽駅","信楽駅","1.2","daytrip|1night","陶芸|文化|街歩き"
"dorogawa-onsen","洞川温泉","奈良県","天川村","近畿","destination","onsen","osaka-t","dorogawa-onsen","下市口駅","洞川温泉","1.2","1night","温泉|山|精神|歴史"
"matsusaka","松阪","三重県","松阪市","近畿","destination","city","nagoya-t","matsusaka","松阪駅","松阪駅","1.2","daytrip|1night","食|歴史|城|街歩き"
"sakai","堺","大阪府","堺市","近畿","destination","city","osaka-t","sakai","堺東駅","堺東駅","1.2","daytrip","歴史|世界遺産|文化|街歩き"
"ama-island","海士町","島根県","海士町","中国","destination","island","matsue","ama-island","七類港","菱浦港","1.5","1night|2night","離島|海|自然|食"
"akiyoshidai","秋吉台","山口県","美祢市","中国","destination","sight","hiroshima-t","akiyoshidai","新山口駅","秋吉台","1.2","daytrip|1night","自然|洞窟|高原"
"yanai","柳井","山口県","柳井市","中国","destination","city","hiroshima-t","yanai","柳井駅","柳井駅","1.2","daytrip","街歩き|歴史|文化"
"oki-island","隠岐の島","島根県","隠岐の島町","中国","destination","island","matsue","oki-island","境港","西郷港","1.5","1night|2night","離島|海|自然|歴史"
"inujima","犬島","岡山県","岡山市","中国","destination","island","okayama-o","inujima","宝伝港","犬島港","1.5","daytrip|1night","離島|海|アート|歴史"
"teshima","豊島","香川県","土庄町","四国","destination","island","takamatsu","teshima","高松港","家浦港","1.5","daytrip|1night","離島|海|アート|自然"
"niyodogawa","仁淀川","高知県","仁淀川町","四国","destination","sight","kochi","niyodogawa","高知駅","仁淀川","1.3","daytrip|1night","川|自然|秘境"
"yusuhara","梼原","高知県","梼原町","四国","destination","city","kochi","yusuhara","須崎駅","梼原","1.2","1night","建築|自然|秘境|山"
"anan","阿南","徳島県","阿南市","四国","destination","sight","tokushima","anan","阿南駅","阿南駅","1.2","daytrip|1night","海|自然|野生動物"
"shikoku-karst","四国カルスト","愛媛県","久万高原町","四国","destination","sight","matsuyama","shikoku-karst","松山駅","四国カルスト","1.3","daytrip|1night","高原|自然|山"
"aoshima","青島","宮崎県","宮崎市","九州","destination","sight","miyazaki","aoshima","青島駅","青島駅","1.2","daytrip|1night","海|自然|寺社"
"yamaga","山鹿","熊本県","山鹿市","九州","destination","onsen","kumamoto","yamaga","玉名駅","山鹿温泉","1.2","1night","温泉|祭り|文化|歴史"
"yoshinogari","吉野ヶ里","佐賀県","吉野ヶ里町","九州","destination","city","fukuoka-t","yoshinogari","吉野ヶ里公園駅","吉野ヶ里公園駅","1.2","daytrip","歴史|遺跡|文化"
"kunisaki","国東","大分県","国東市","九州","destination","sight","fukuoka-t","kunisaki","宇佐駅","国東","1.2","1night|2night","歴史|寺社|山|文化"
"chiran","知覧","鹿児島県","南九州市","九州","destination","city","kagoshima","chiran","鹿児島中央駅","知覧","1.2","daytrip","歴史|武家屋敷|文化|平和"
"ojika-island","小値賀島","長崎県","小値賀町","九州","destination","island","nagasaki","ojika-island","佐世保港","小値賀港","1.5","1night|2night","離島|海|自然|スロー"
"irabu-island","伊良部島","沖縄県","宮古島市","沖縄","destination","island","naha","irabu-island","宮古空港","伊良部島","1.5","1night|2night","離島|海|自然|ダイビング"
"aguni-island","粟国島","沖縄県","粟国村","沖縄","destination","island","naha","aguni-island","泊港","粟国港","1.5","1night|2night","離島|海|自然|秘境"
"itoman","糸満","沖縄県","糸満市","沖縄","destination","city","naha","itoman","那覇バスターミナル","糸満","1.2","daytrip|1night","歴史|平和|海|文化"
"kijoka","喜如嘉","沖縄県","大宜味村","沖縄","destination","city","naha","kijoka","那覇バスターミナル","喜如嘉","1.2","daytrip|1night","文化|自然|工芸|長寿"
"miyakejima","三宅島","東京都","三宅村","伊豆諸島","destination","island","tokyo-o","miyakejima","竹芝桟橋","三宅島港","1.5","1night|2night","離島|海|自然|野鳥"
"hachijojima","八丈島","東京都","八丈島町","伊豆諸島","destination","island","tokyo-o","hachijojima","羽田空港","八丈島空港","1.5","1night|2night","離島|海|自然|温泉"
"niijima","新島","東京都","新島村","伊豆諸島","destination","island","tokyo-o","niijima","竹芝桟橋","新島港","1.5","1night|2night","離島|海|自然|サーフィン"
"shikinejima","式根島","東京都","新島村","伊豆諸島","destination","island","tokyo-o","shikinejima","竹芝桟橋","式根島港","1.5","1night|2night","離島|海|温泉|自然"